Employee_Name,EmpID,event_observed,PositionID,Position,State,Zip,DOB,AgeGroup,Sex,MaritalDesc,CitizenDesc,HispanicLatino,RaceDesc,DateofHire,DateofTermination,DaysWorkingTerm,DaysWorkingActive,TermReason,EmploymentStatus,Department,ManagerName,ManagerID,RecruitmentSource,PerformanceScore,EngagementSurvey,EmpSatisfaction,SpecialProjectsCount,LastPerformanceReview_Date,DaysLateLast30
"Monkfish, Erasumus",1404066711,0,20,Production Technician II,MA,1450,8/17/1992,Under 40,M ,Married,US Citizen,No,White,11/7/2011,,0,1991,N/A - still employed,Active,Production       ,David Stanley,14,Professional Society,Fully Meets,2.67,3,0,1/8/2019,0
"Gold, Shenice  ",1408069539,0,19,Production Technician I,MA,2451,6/18/1992,Under 40,F,Single,US Citizen,Yes,White,11/11/2013,,0,1256,N/A - still employed,Active,Production       ,Ketsia Liebig,19,Glassdoor,Fully Meets,1.94,5,0,2/18/2019,0
"Hutter, Rosalie",1103024924,0,20,Production Technician II,MA,2351,5/7/1992,Under 40,F,Separated,US Citizen,No,White,6/5/2015,,0,685,N/A - Has not started yet,Future Start,Production       ,Webster Butler,,Other,Fully Meets,2.63,3,0,2/14/2019,0
"Valentin,Jackie",1312063714,0,3,Area Sales Manager,AZ,85006,5/23/1991,Under 40,F,Married,US Citizen,No,Two or more races,7/5/2011,,0,2116,N/A - still employed,Active,Sales,John Smith,17,Other,Fully Meets,2.81,3,0,1/17/2019,0
"Ivey, Rose ",1408069882,0,19,Production Technician I,MA,1775,1/28/1991,Under 40,F,Single,US Citizen,No,White,8/19/2013,,0,1340,N/A - still employed,Active,Production       ,Brannon Miller,12,Professional Society,Fully Meets,3.99,3,0,1/14/2019,0
"Gentry, Mildred",1501072192,0,19,Production Technician I,MA,2145,10/1/1990,Under 40,F,Married,US Citizen,No,Black or African American,3/30/2015,,0,752,N/A - still employed,Active,Production       ,Michael Albert,22,Professional Society,Fully Meets,3.73,3,0,1/16/2019,0
"Blount, Dianna",1403066125,0,20,Production Technician II,MA,2171,9/21/1990,Under 40,F,Single,US Citizen,No,White,4/4/2011,,0,2208,N/A - still employed,Active,Production       ,Michael Albert,22,Monster.com,Needs Improvement,1.16,3,0,2/27/2019,0
"Onque, Jasmine",1501072180,0,3,Area Sales Manager,FL,33174,5/11/1990,Under 40,F,Single,US Citizen,Yes,White,9/30/2013,,0,1298,N/A - still employed,Active,Sales,Lynn Daneault,21,Pay Per Click - Google,Fully Meets,4.28,3,0,1/25/2019,0
"Daneault, Lynn",1402065303,0,21,Sales Manager,VT,5473,4/19/1990,Under 40,F,Single,US Citizen,No,White,5/5/2014,,0,1081,N/A - still employed,Active,Sales,Debra Houlihan,15,Pay Per Click - Google,Fully Meets,4.62,4,0,1/24/2019,0
"Cisco, Anthony",1102024173,0,14,IT Support,MA,2135,11/24/1989,Under 40,M ,Married,US Citizen,Yes,White,3/30/2015,,0,752,N/A - still employed,Active,IT/IS,Peter Monroe,7,Information Session,Fully Meets,2.21,5,7,1/10/2019,0
"Fernandes, Nilson  ",1302053339,0,19,Production Technician I,MA,2132,10/18/1989,Under 40,M ,Married,US Citizen,No,White,5/11/2015,,0,710,N/A - still employed,Active,Production       ,Amy Dunn,11,Professional Society,PIP,1.56,5,0,1/3/2019,0
"Givens, Myriam",1203032099,0,3,Area Sales Manager,IN,46204,9/22/1989,Under 40,F,Single,US Citizen,No,White,2/16/2015,,0,794,N/A - still employed,Active,Sales,Lynn Daneault,21,Pay Per Click - Google,Fully Meets,1.72,5,0,1/25/2019,0
"Billis, Helen",1308060366,0,19,Production Technician I,MA,2031,9/1/1989,Under 40,F,Married,US Citizen,No,White,7/7/2014,,0,1018,N/A - still employed,Active,Production       ,Brannon Miller,12,Professional Society,Exceeds,5,3,0,2/27/2019,0
"Erilus, Angela",1105025661,0,20,Production Technician II,MA,2133,8/25/1989,Under 40,F,Separated,US Citizen,No,White,7/7/2014,,0,1018,N/A - still employed,Active,Production       ,Michael Albert,22,Pay Per Click - Google,PIP,4.59,1,0,2/25/2019,0
"Villanueva, Noah",1111030503,0,3,Area Sales Manager,ME,4063,7/11/1989,Under 40,M ,Single,US Citizen,No,Asian,3/5/2012,,0,1872,N/A - still employed,Active,Sales,John Smith,17,Website Banner Ads,Fully Meets,1.77,4,0,1/18/2019,0
"Hubert, Robert",1009920000,0,4,BI Developer,MA,2134,6/30/1989,Under 40,M ,Married,US Citizen,No,Black or African American,4/20/2017,,0,0,N/A - still employed,Active,IT/IS,Brian Champaigne,13,Indeed,Fully Meets,2.06,5,5,1/28/2019,0
"Strong, Caitrin",1411071295,0,3,Area Sales Manager,MT,59102,5/12/1989,Under 40,F,Married,US Citizen,No,Black or African American,9/27/2010,,0,2397,N/A - still employed,Active,Sales,John Smith,17,Professional Society,Fully Meets,2,4,0,1/31/2019,0
"Nguyen, Dheepa",1111030684,0,3,Area Sales Manager,GA,30428,3/31/1989,Under 40,F,Single,US Citizen,No,Two or more races,7/8/2013,,0,1382,N/A - still employed,Active,Sales,Lynn Daneault,21,Pay Per Click - Google,Fully Meets,5,5,0,1/25/2019,0
"Leruth, Giovanni",1412071660,0,3,Area Sales Manager,UT,84111,12/27/1988,Under 40,M ,Separated,US Citizen,No,Black or African American,4/30/2012,,0,1816,N/A - still employed,Active,Sales,John Smith,17,Website Banner Ads,Fully Meets,4.53,3,0,1/29/2019,0
"Costa, Latia",1409070567,0,3,Area Sales Manager,CA,90007,11/8/1988,Under 40,F,Single,US Citizen,No,White,1/10/2011,,0,2292,N/A - still employed,Active,Sales,Lynn Daneault,21,Other,Exceeds,4.77,5,0,1/27/2019,0
"Lindsay, Leonara ",602000312,0,14,IT Support,CT,6070,10/5/1988,Under 40,F,Single,US Citizen,Yes,Two or more races,1/21/2011,,0,2281,N/A - still employed,Active,IT/IS,Eric Dougall,6,Diversity Job Fair,Exceeds,4.64,4,5,1/25/2019,0
"Alagbe,Trina",1011022883,0,19,Production Technician I,MA,1886,9/27/1988,Under 40,F,Married,US Citizen,No,White,1/7/2008,,0,3391,N/A - still employed,Active,Production       ,Elijiah Gray,16,Billboard,Fully Meets,4.84,5,0,1/3/2019,0
"Digitale, Alfred",1306059197,0,3,Area Sales Manager,NH,3062,9/14/1988,Under 40,M ,Married,US Citizen,No,American Indian or Alaska Native,8/18/2014,,0,976,N/A - still employed,Active,Sales,John Smith,17,Pay Per Click - Google,Fully Meets,3.6,5,0,1/30/2019,0
"Potts, Xana",1102024106,0,3,Area Sales Manager,KY,40220,8/29/1988,Under 40,F,Married,US Citizen,No,Black or African American,1/9/2012,,0,1928,N/A - still employed,Active,Sales,Lynn Daneault,21,Website Banner Ads,Fully Meets,4.2,5,0,2/1/2019,0
"Hankard, Earnest",1307059937,0,20,Production Technician II,MA,2155,8/10/1988,Under 40,M ,Single,US Citizen,Yes,White,11/11/2013,,0,1256,N/A - still employed,Active,Production       ,Kelley Spirea,18,Newspager/Magazine,Fully Meets,5,3,0,1/8/2019,0
"Dolan, Linda",1101023540,0,14,IT Support,MA,2119,7/18/1988,Under 40,F,Married,US Citizen,No,White,1/5/2015,,0,836,N/A - still employed,Active,IT/IS,Peter Monroe,7,Employee Referral,Fully Meets,4.11,4,6,2/25/2019,0
"Sander, Kamrin",1302053362,0,19,Production Technician I,MA,2154,7/10/1988,Under 40,F,Married,US Citizen,No,Black or African American,9/29/2014,,0,934,N/A - still employed,Active,Production       ,Elijiah Gray,16,On-campus Recruiting,Fully Meets,3.51,3,0,2/18/2019,0
"Murray, Thomas",1406068403,0,9,Data Analyst,TX,78230,7/4/1988,Under 40,M ,Divorced,US Citizen,No,Black or African American,11/10/2014,,0,892,N/A - still employed,Active,IT/IS,Simon Roup,4,Diversity Job Fair,Exceeds,4.28,4,5,2/25/2019,0
"Cierpiszewski, Caroline  ",1012023295,0,19,Production Technician I,MA,2044,5/31/1988,Under 40,F,Single,Non-Citizen,No,Black or African American,10/3/2011,,0,2026,N/A - still employed,Active,Production       ,Ketsia Liebig,19,Pay Per Click - Google,Fully Meets,3.58,5,0,1/30/2019,0
"Singh, Nan ",1307059817,0,2,Administrative Assistant,MA,2330,5/19/1988,Under 40,F,Single,US Citizen,No,White,5/1/2015,,0,720,N/A - still employed,Active,Admin Offices,Brandon R. LeBlanc,1,Website Banner Ads,Fully Meets,5,3,5,1/15/2019,0
"Bacong, Alejandro ",1212052023,0,14,IT Support,MA,1886,1/7/1988,Under 40,M ,Divorced,US Citizen,No,White,1/5/2015,,0,836,N/A - still employed,Active,IT/IS,Peter Monroe,7,Glassdoor,Fully Meets,1.84,5,6,2/18/2019,0
"Brown, Mia",1103024456,0,1,Accountant I,MA,1450,11/24/1987,Under 40,F,Married,US Citizen,No,Black or African American,10/27/2008,,0,3097,N/A - still employed,Active,Admin Offices,Brandon R. LeBlanc,1,Diversity Job Fair,Fully Meets,2.04,2,6,1/15/2019,0
"Martin, Sandra",1303054625,0,24,Software Engineer,MA,2135,11/7/1987,Under 40,F,Single,US Citizen,No,Asian,11/11/2013,,0,1256,N/A - still employed,Active,Software Engineering,Alex Sweetwater,10,Search Engine - Google Bing Yahoo,Fully Meets,1.53,5,4,1/14/2019,0
"Westinghouse, Matthew",1009919990,0,4,BI Developer,MA,2134,10/24/1987,Under 40,M ,Married,US Citizen,No,White,4/20/2017,,0,0,N/A - still employed,Active,IT/IS,Brian Champaigne,13,Indeed,Fully Meets,1.82,3,6,1/2/2019,0
"Fancett, Nicole",1402065085,0,20,Production Technician II,MA,2324,9/27/1987,Under 40,F,Single,US Citizen,No,Black or African American,2/17/2014,,0,1158,N/A - still employed,Active,Production       ,Webster Butler,,Newspager/Magazine,Fully Meets,4,4,0,1/7/2019,0
"Merlos, Carlos",1012023013,0,15,Network Engineer,MA,2138,6/18/1987,Under 40,M ,Single,US Citizen,No,White,3/30/2015,,0,752,N/A - still employed,Active,IT/IS,Peter Monroe,7,Vendor Referral,PIP,1.2,3,6,2/4/2019,0
"Le, Binh",1009919930,0,22,Senior BI Developer,MA,1886,6/14/1987,Under 40,F,Single,US Citizen,No,Asian,10/2/2016,,0,200,N/A - still employed,Active,IT/IS,Brian Champaigne,13,Indeed,Fully Meets,2.09,5,7,1/8/2019,0
"McCarthy, Brigit",1406067957,0,20,Production Technician II,MA,2149,5/21/1987,Under 40,F,Single,US Citizen,No,White,3/30/2015,,0,752,N/A - still employed,Active,Production       ,Ketsia Liebig,19,Newspager/Magazine,Fully Meets,5,5,0,2/7/2019,0
"Dietrich, Jenna  ",1408069481,0,3,Area Sales Manager,WA,98052,5/14/1987,Under 40,F,Single,US Citizen,Yes,White,2/20/2012,,0,1886,N/A - still employed,Active,Sales,John Smith,17,Website Banner Ads,PIP,2.3,1,0,1/29/2019,0
"Crimmings,   Jean",1311063172,0,19,Production Technician I,MA,1821,4/10/1987,Under 40,F,Single,US Citizen,No,White,7/6/2016,,0,288,N/A - Has not started yet,Future Start,Production       ,Michael Albert,22,Newspager/Magazine,Fully Meets,4.12,5,0,1/28/2019,0
"Carabbio, Judith",1101023577,0,24,Software Engineer,MA,2132,4/5/1987,Under 40,F,Single,US Citizen,No,White,11/11/2013,,0,1256,N/A - still employed,Active,Software Engineering,Alex Sweetwater,10,Pay Per Click - Google,Fully Meets,4.96,4,6,1/30/2019,0
"Boutwell, Bonalyn",1307060188,0,26,Sr. Accountant,MA,2468,4/4/1987,Under 40,F,Married,US Citizen,No,Asian,2/16/2015,,0,794,N/A - still employed,Active,Admin Offices,Brandon R. LeBlanc,3,Diversity Job Fair,Fully Meets,5,4,3,2/18/2019,0
"Mckenna, Sandy",909015167,0,19,Production Technician I,MA,2184,1/7/1987,Under 40,F,Married,US Citizen,No,Black or African American,1/7/2013,,0,1564,N/A - still employed,Active,Production       ,Kissy Sullivan,20,Monster.com,Fully Meets,3.93,3,0,1/30/2019,0
"Langton, Enrico",1304055987,0,19,Production Technician I,MA,2048,12/9/1986,Under 40,M ,Married,US Citizen,No,White,7/9/2012,,0,1746,N/A - still employed,Active,Production       ,David Stanley,14,Newspager/Magazine,Fully Meets,5,5,0,2/4/2019,0
"Johnson, Noelle ",1003018246,0,8,Database Administrator,MA,2301,11/7/1986,Under 40,F,Married,US Citizen,No,Asian,1/5/2015,,0,836,N/A - still employed,Leave of Absence,IT/IS,Simon Roup,4,Glassdoor,Fully Meets,3.75,3,5,2/11/2019,0
"Jeannite, Tayana",1008020942,0,20,Production Technician II,MA,1821,11/6/1986,Under 40,F,Divorced,US Citizen,No,American Indian or Alaska Native,7/5/2011,,0,2116,N/A - still employed,Active,Production       ,Ketsia Liebig,19,MBTA ads,Exceeds,4.6,4,0,2/25/2019,0
"Dobrin, Denisa  S",1202031618,0,19,Production Technician I,MA,2125,10/7/1986,Under 40,F,Single,US Citizen,Yes,White,4/2/2012,,0,1844,N/A - still employed,Active,Production       ,David Stanley,14,Monster.com,Fully Meets,2.79,5,0,2/19/2019,0
"Monroe, Peter",1011022863,0,13,IT Manager - Infra,MA,2134,10/5/1986,Under 40,M ,Married,Eligible NonCitizen,Yes,Hispanic,2/15/2012,,0,1891,N/A - still employed,Active,IT/IS,Jennifer Zamora,5,Diversity Job Fair,Needs Improvement,2.39,3,6,2/22/2019,0
"Steans, Tyrone  ",1302053333,0,1,Accountant I,MA,2703,9/1/1986,Under 40,M ,Single,US Citizen,No,White,9/29/2014,,0,934,N/A - still employed,Active,Admin Offices,Brandon R. LeBlanc,1,Internet Search,Fully Meets,3.9,5,5,1/18/2019,0
"Rogers, Ivan",1203032255,0,9,Data Analyst,MA,1810,8/26/1986,Under 40,M ,Married,US Citizen,No,White,3/30/2015,,0,752,N/A - still employed,Active,IT/IS,Simon Roup,4,Pay Per Click - Google,Fully Meets,3.04,3,6,1/22/2019,0
"Saada, Adell",1012023185,0,24,Software Engineer,MA,2132,7/24/1986,Under 40,F,Married,US Citizen,No,White,11/5/2012,,0,1627,N/A - still employed,Active,Software Engineering,Alex Sweetwater,10,Pay Per Click - Google,Fully Meets,1.74,3,6,2/13/2019,0
"Mahoney, Lauren  ",1209049259,0,19,Production Technician I,MA,2189,7/7/1986,Under 40,F,Single,US Citizen,No,White,1/6/2014,,0,1200,N/A - still employed,Active,Production       ,Ketsia Liebig,19,Newspager/Magazine,Fully Meets,2.55,4,0,2/26/2019,0
"Ferreira, Violeta",803009012,0,19,Production Technician I,MA,2176,6/10/1986,Under 40,F,Single,US Citizen,No,White,2/20/2012,,0,1886,N/A - still employed,Active,Production       ,Ketsia Liebig,19,Newspager/Magazine,Fully Meets,1.85,4,0,1/7/2019,0
"Carr, Claudia  N",1010022337,0,27,Sr. DBA,MA,1886,6/6/1986,Under 40,F,Single,US Citizen,No,Black or African American,6/30/2016,,0,294,N/A - Has not started yet,Future Start,IT/IS,Simon Roup,4,Vendor Referral,Fully Meets,5,5,6,2/18/2019,0
"Good, Susan",1001549006,0,20,Production Technician II,MA,1886,5/25/1986,Under 40,F,Married,US Citizen,No,White,5/12/2014,,0,1074,N/A - still employed,Leave of Absence,Production       ,David Stanley,14,Professional Society,Fully Meets,2.04,3,0,2/7/2019,0
"Sahoo, Adil",1106026462,0,20,Production Technician II,MA,2062,4/26/1986,Under 40,M ,Married,US Citizen,No,White,8/30/2010,,0,2425,N/A - still employed,Active,Production       ,Kelley Spirea,18,Monster.com,Fully Meets,2.08,3,0,1/10/2019,0
"Lajiri,  Jyoti",1108028108,0,28,Sr. Network Engineer,MA,2169,4/23/1986,Under 40,M ,Married,US Citizen,No,White,11/10/2014,,0,892,N/A - still employed,Leave of Absence,IT/IS,Peter Monroe,7,Employee Referral,Fully Meets,4.46,5,6,1/7/2019,0
"Nowlan, Kristie",1104025435,0,20,Production Technician II,MA,1040,11/23/1985,Under 40,F,Single,US Citizen,No,White,11/10/2014,,0,892,N/A - still employed,Active,Production       ,Elijiah Gray,16,Glassdoor,Fully Meets,4.53,5,0,1/16/2019,0
"Garcia, Raul",1309061015,0,19,Production Technician I,MA,1905,9/15/1985,Under 40,M ,Single,US Citizen,Yes,White,3/30/2015,,0,752,N/A - still employed,Active,Production       ,David Stanley,14,Employee Referral,Fully Meets,4.5,3,0,2/18/2019,0
"Clayton, Rick",1301052902,0,14,IT Support,MA,2170,9/5/1985,Under 40,M ,Single,US Citizen,No,White,9/5/2012,,0,1688,N/A - still employed,Active,IT/IS,Eric Dougall,6,Glassdoor,Fully Meets,2.55,3,6,2/27/2019,0
"Shields, Seffi",1205033102,0,19,Production Technician I,MA,2149,8/24/1985,Under 40,F,Married,US Citizen,No,White,8/19/2013,,0,1340,N/A - still employed,Active,Production       ,Amy Dunn,11,Newspager/Magazine,Fully Meets,4.81,4,0,2/15/2019,0
"Woodson, Jason",1012023010,0,20,Production Technician II,MA,1810,5/11/1985,Under 40,M ,Single,US Citizen,No,White,7/7/2014,,0,1018,N/A - still employed,Active,Production       ,Kissy Sullivan,20,Vendor Referral,Fully Meets,4.07,4,0,2/28/2019,0
"Wolk, Hang  T",1205033180,0,20,Production Technician II,MA,2302,4/20/1985,Under 40,F,Single,US Citizen,No,White,9/29/2014,,0,934,N/A - still employed,Active,Production       ,David Stanley,14,Newspager/Magazine,Fully Meets,3.4,4,0,2/21/2019,0
"Von Massenbach, Anna",1106026474,0,19,Production Technician I,MA,2124,4/6/1985,Under 40,F,Single,US Citizen,No,White,7/5/2015,,0,655,N/A - Has not started yet,Future Start,Production       ,Michael Albert,22,Newspager/Magazine,Fully Meets,3.21,3,0,1/29/2019,0
"Stoica, Rick",1106026896,0,19,Production Technician I,MA,2301,3/14/1985,Under 40,M ,Married,US Citizen,No,Asian,2/17/2014,,0,1158,N/A - still employed,Active,Production       ,Kelley Spirea,18,On-campus Recruiting,Fully Meets,1.39,3,0,1/11/2019,0
"Robinson, Elias",1011022887,0,19,Production Technician I,MA,1730,1/28/1985,Under 40,M ,Widowed,US Citizen,No,White,7/8/2013,,0,1382,N/A - still employed,Active,Production       ,Brannon Miller,12,Employee Referral,Exceeds,3.02,5,0,2/11/2019,0
"Petrowsky, Thelma",1108027853,0,9,Data Analyst,MA,1886,9/16/1984,Under 40,F,Married,US Citizen,No,Asian,11/10/2014,,0,892,N/A - still employed,Active,IT/IS,Simon Roup,4,Employee Referral,Exceeds,3.71,5,7,1/4/2019,0
"Smith, John",1499902910,0,21,Sales Manager,MA,1886,8/16/1984,Under 40,M ,Divorced,US Citizen,No,Black or African American,5/18/2014,,0,1068,N/A - still employed,Active,Sales,Debra Houlihan,15,Diversity Job Fair,Needs Improvement,1.62,4,0,1/16/2019,0
"Motlagh,  Dawn",1102024121,0,19,Production Technician I,MA,2453,7/7/1984,Under 40,F,Divorced,US Citizen,No,White,4/1/2013,,0,1480,N/A - still employed,Active,Production       ,Elijiah Gray,16,MBTA ads,Fully Meets,1.76,4,0,1/17/2019,0
"Nguyen, Lei-Ming",1203032357,0,19,Production Technician I,MA,2132,7/7/1984,Under 40,F,Single,US Citizen,No,White,7/8/2013,,0,1382,N/A - still employed,Active,Production       ,David Stanley,14,Vendor Referral,Fully Meets,2.79,5,0,1/2/2019,0
"McKinzie, Jac",1209049326,0,3,Area Sales Manager,TX,78789,7/1/1984,Under 40,M ,Married,US Citizen,No,Two or more races,7/6/2016,,0,288,N/A - Has not started yet,Future Start,Sales,Lynn Daneault,21,Website Banner Ads,Fully Meets,2.91,4,0,1/29/2019,0
"LeBlanc, Brandon  R",1102024115,0,23,Shared Services Manager,MA,1460,6/10/1984,Under 40,M ,Married,US Citizen,No,White,1/5/2016,,0,471,N/A - still employed,Active,Admin Offices,Janet King,2,Monster.com,Fully Meets,1.95,4,0,1/28/2019,0
"LaRotonda, William  ",1106026572,0,1,Accountant I,MA,1460,4/26/1984,Under 40,M ,Divorced,US Citizen,No,Black or African American,1/6/2014,,0,1200,N/A - still employed,Active,Admin Offices,Brandon R. LeBlanc,1,Website Banner Ads,Fully Meets,5,4,4,1/17/2019,0
"Hunts, Julissa",1106026433,0,20,Production Technician II,MA,2021,3/11/1984,Under 40,F,Single,US Citizen,No,White,6/6/2016,,0,318,N/A - Has not started yet,Future Start,Production       ,Elijiah Gray,16,Vendor Referral,Fully Meets,2.92,5,0,1/18/2019,0
"Horton, Jayne",1105025718,0,8,Database Administrator,MA,2493,2/21/1984,Under 40,F,Single,US Citizen,No,White,3/30/2015,,0,752,N/A - still employed,Active,IT/IS,Simon Roup,4,Glassdoor,Fully Meets,4.48,5,6,1/3/2019,0
"Heitzman, Anthony",1002017900,0,19,Production Technician I,MA,2149,1/4/1984,Under 40,M ,Single,US Citizen,No,White,8/13/2012,,0,1711,N/A - still employed,Active,Production       ,Ketsia Liebig,19,Social Networks - Facebook Twitter etc,Fully Meets,4.17,4,0,2/11/2019,0
"Gosciminski, Phylicia  ",1108028351,0,20,Production Technician II,MA,1824,12/8/1983,Under 40,F,Separated,US Citizen,No,American Indian or Alaska Native,9/30/2013,,0,1298,N/A - still employed,Leave of Absence,Production       ,Kissy Sullivan,20,Word of Mouth,Fully Meets,2.57,5,0,2/21/2019,0
"Gaul, Barbara",1105026041,0,19,Production Technician I,MA,2121,12/2/1983,Under 40,F,Single,US Citizen,Yes,Black or African American,5/16/2011,,0,2166,N/A - still employed,Active,Production       ,Kelley Spirea,18,MBTA ads,Fully Meets,1.66,4,0,2/26/2019,0
"Smith, Jason",1009919980,0,4,BI Developer,MA,2045,9/4/1983,Under 40,M ,Single,US Citizen,No,White,2/15/2017,,0,64,N/A - still employed,Active,IT/IS,Brian Champaigne,13,Indeed,Fully Meets,3.01,5,7,1/23/2019,0
"Chang, Donovan  E",1111030129,0,19,Production Technician I,MA,1845,8/24/1983,Under 40,M ,Single,US Citizen,No,White,7/8/2013,,0,1382,N/A - still employed,Active,Production       ,Webster Butler,,Newspager/Magazine,Fully Meets,3.8,5,0,1/14/2019,0
"Butler, Webster  L",1110029990,0,18,Production Manager,MA,2169,8/9/1983,Under 40,M ,Single,US Citizen,No,White,1/28/2016,,0,448,N/A - still employed,Active,Production       ,Janet King,2,Pay Per Click - Google,Exceeds,5,3,0,2/22/2019,0
"Buccheri, Joseph  ",1101023457,0,20,Production Technician II,MA,1013,7/28/1983,Under 40,M ,Single,US Citizen,No,White,9/29/2014,,0,934,N/A - still employed,Active,Production       ,Webster Butler,,Word of Mouth,Fully Meets,3.19,3,0,2/1/2019,0
"Barone, Francesco  A",1101023679,0,19,Production Technician I,MA,1810,7/20/1983,Under 40,M ,Single,US Citizen,No,Two or more races,2/20/2012,,0,1886,N/A - still employed,Active,Production       ,Kelley Spirea,18,Social Networks - Facebook Twitter etc,Fully Meets,1.41,4,0,2/14/2019,0
"Adinolfi, Wilson  K",1409070522,0,19,Production Technician I,MA,1960,7/10/1983,Under 40,M ,Single,US Citizen,No,White,7/5/2011,,0,2116,N/A - still employed,Active,Production       ,Michael Albert,22,MBTA ads,Exceeds,2.51,5,0,1/17/2019,0
"Trang, Mei",1012023152,0,19,Production Technician I,MA,2021,5/16/1983,Under 40,F,Single,US Citizen,No,White,2/17/2014,,0,1158,N/A - still employed,Active,Production       ,David Stanley,14,Professional Society,Needs Improvement,2.44,5,0,2/11/2019,0
"Szabo, Andrew",1201031324,0,24,Software Engineer,MA,2140,5/6/1983,Under 40,M ,Single,US Citizen,No,White,7/7/2014,,0,1018,N/A - still employed,Active,Software Engineering,Alex Sweetwater,10,MBTA ads,Exceeds,2.61,5,5,2/18/2019,0
"Bramante, Elisa",1006020066,0,10,Director of Operations,MA,2030,3/19/1983,Under 40,F,Single,US Citizen,No,Black or African American,1/5/2009,,0,3027,N/A - still employed,Active,Production       ,Janet King,2,Other,Exceeds,3.02,5,0,2/4/2019,0
"Athwal, Sam",1301052124,0,19,Production Technician I,MA,2199,2/18/1983,Under 40,M ,Widowed,US Citizen,No,White,9/30/2013,,0,1298,N/A - still employed,Active,Production       ,Ketsia Liebig,19,Employee Referral,Fully Meets,5,4,0,2/25/2019,0
"Semizoglou, Jeremiah  ",904013591,0,28,Sr. Network Engineer,MA,1545,2/9/1983,Under 40,M ,Married,US Citizen,No,Asian,6/30/2016,,0,294,N/A - Has not started yet,Future Start,IT/IS,Peter Monroe,7,On-campus Recruiting,Fully Meets,3.27,4,5,1/14/2019,0
"Carey, Michael  ",1311063114,0,19,Production Technician I,MA,1701,2/2/1983,Under 40,M ,Single,US Citizen,No,Black or African American,3/31/2014,,0,1116,N/A - still employed,Active,Production       ,Kelley Spirea,18,MBTA ads,Fully Meets,4.43,3,0,2/1/2019,0
"Dickinson, Geoff ",706006285,0,19,Production Technician I,MA,2180,11/15/1982,Under 40,M ,Single,US Citizen,No,White,5/12/2014,,0,1074,N/A - still employed,Active,Production       ,Ketsia Liebig,19,Pay Per Click - Google,Fully Meets,1.13,4,0,2/19/2019,0
"Sullivan, Timothy",1201031310,0,19,Production Technician I,MA,2747,10/7/1982,Under 40,M ,Married,US Citizen,Yes,White,1/5/2015,,0,836,N/A - still employed,Active,Production       ,Michael Albert,22,Word of Mouth,Fully Meets,4.36,5,0,1/24/2019,0
"Harrell, Ludwick",1406068241,0,19,Production Technician I,MA,1776,9/2/1982,Under 40,M ,Married,US Citizen,No,Asian,5/14/2012,,0,1802,N/A - still employed,Active,Production       ,Elijiah Gray,16,Search Engine - Google Bing Yahoo,Fully Meets,1.83,3,0,2/22/2019,0
"Stanford,Barbara  M",1111030244,0,19,Production Technician I,MA,2050,8/25/1982,Under 40,F,Divorced,US Citizen,No,Two or more races,1/10/2011,,0,2292,N/A - still employed,Active,Production       ,Kissy Sullivan,20,Word of Mouth,Fully Meets,1.05,4,0,2/7/2019,0
"Ozark, Travis",812011761,0,3,Area Sales Manager,NC,27229,5/19/1982,Under 40,M ,Single,US Citizen,No,White,1/5/2015,,0,836,N/A - still employed,Active,Sales,John Smith,17,Website Banner Ads,Fully Meets,5,5,0,1/14/2019,0
"Lunquist, Lisa",1001504432,0,20,Production Technician II,MA,2324,3/28/1982,Under 40,F,Single,US Citizen,No,Black or African American,8/19/2013,,0,1340,N/A - still employed,Active,Production       ,Elijiah Gray,16,Glassdoor,Exceeds,1.64,4,0,2/12/2019,0
"Pitt, Brad ",1001735072,0,19,Production Technician I,MA,2451,11/23/1981,Under 40,M ,Single,US Citizen,No,Black or African American,11/5/2007,,0,3454,N/A - still employed,Active,Production       ,David Stanley,14,Search Engine - Google Bing Yahoo,Fully Meets,3.66,3,0,2/25/2019,0
"Liebig, Ketsia",1103024679,0,18,Production Manager,MA,2110,10/26/1981,Under 40,F,Married,US Citizen,No,White,9/30/2013,,0,1298,N/A - still employed,Active,Production       ,Janet King,2,Website Banner Ads,Exceeds,3.66,3,0,1/21/2019,0
"Roby, Lori ",1407068885,0,9,Data Analyst,MA,1886,10/11/1981,Under 40,F,Married,US Citizen,No,White,2/16/2015,,0,794,N/A - still employed,Active,IT/IS,Simon Roup,4,Employee Referral,Fully Meets,3.69,5,6,2/14/2019,0
"Miller, Brannon",1107027351,0,18,Production Manager,MA,2045,8/10/1981,Under 40,M ,Single,US Citizen,yes,Hispanic,8/16/2012,,0,1708,N/A - still employed,Active,Production       ,Janet King,2,Internet Search,Fully Meets,4.37,3,0,1/14/2019,0
"Gray, Elijiah  ",1307060077,0,18,Production Manager,MA,1752,7/11/1981,Under 40,M ,Divorced,US Citizen,No,White,6/2/2015,,0,688,N/A - still employed,Active,Production       ,Janet King,2,Employee Referral,Fully Meets,4.63,3,0,1/4/2019,0
"Wang, Charlie",1009919970,0,22,Senior BI Developer,MA,1887,7/8/1981,Under 40,M ,Single,US Citizen,No,Asian,2/15/2017,,0,64,N/A - still employed,Active,IT/IS,Brian Champaigne,13,Indeed,Fully Meets,3.42,4,7,1/4/2019,0
"Gonzalez, Maria",1988299991,0,14,IT Support,MA,2472,4/16/1981,Under 40,F,Separated,US Citizen,Yes,White,1/5/2015,,0,836,N/A - still employed,Active,IT/IS,Peter Monroe,7,Employee Referral,Fully Meets,4.61,4,5,1/28/2019,0
"Shepard, Anita ",906014183,0,15,Network Engineer,MA,1773,4/14/1981,Under 40,F,Married,US Citizen,No,White,9/30/2014,,0,933,N/A - still employed,Active,IT/IS,Peter Monroe,7,Vendor Referral,Fully Meets,3.31,3,6,1/7/2019,0
"Fidelia,  Libby",1006020020,0,19,Production Technician I,MA,2155,3/16/1981,Under 40,F,Married,US Citizen,No,White,1/9/2012,,0,1928,N/A - still employed,Active,Production       ,Brannon Miller,12,Social Networks - Facebook Twitter etc,Fully Meets,5,5,0,1/29/2019,0
"Clukey, Elijian",1407069280,0,19,Production Technician I,MA,2134,8/26/1980,Under 40,M ,Married,US Citizen,No,White,7/6/2016,,0,288,N/A - Has not started yet,Future Start,Production       ,Brannon Miller,12,Employee Referral,Exceeds,1.97,4,0,2/28/2019,0
"Foss, Jason",1192991000,0,12,IT Director,MA,1460,7/5/1980,Under 40,M ,Single,US Citizen,No,Black or African American,4/15/2011,,0,2197,N/A - still employed,Active,IT/IS,Jennifer Zamora,5,Professional Society,Exceeds,3.76,5,5,1/7/2019,0
"Rachael, Maggie",1009919940,0,4,BI Developer,MA,2110,5/12/1980,Under 40,F,Married,US Citizen,No,Black or African American,10/2/2016,,0,200,N/A - still employed,Active,IT/IS,Brian Champaigne,13,Indeed,Fully Meets,2.02,4,6,2/6/2019,0
"Girifalco, Evelyn",1204032927,0,19,Production Technician I,MA,2451,5/8/1980,Under 40,F,Single,US Citizen,Yes,Two or more races,9/29/2014,,0,934,N/A - still employed,Active,Production       ,Amy Dunn,11,Professional Society,Exceeds,3.39,4,0,2/7/2019,0
"Garneau, Hamish",1104025414,0,19,Production Technician I,MA,1550,4/18/1980,Under 40,M ,Single,US Citizen,No,Asian,7/8/2013,,0,1382,N/A - still employed,Active,Production       ,Kissy Sullivan,20,Professional Society,Fully Meets,2.61,4,0,1/22/2019,0
"Burke, Joelle",1011022820,0,20,Production Technician II,MA,2148,3/2/1980,Under 40,F,Single,US Citizen,No,Black or African American,3/5/2012,,0,1872,N/A - still employed,Active,Production       ,Amy Dunn,11,Employee Referral,Fully Meets,4.51,4,0,2/21/2019,0
"Kretschmer, John",1311062610,0,19,Production Technician I,MA,1801,2/2/1980,Under 40,M ,Married,US Citizen,No,Asian,1/10/2011,,0,2292,N/A - still employed,Active,Production       ,Brannon Miller,12,Pay Per Click - Google,Fully Meets,3.38,3,0,1/21/2019,0
"Khemmich, Bartholemew",1104025008,0,3,Area Sales Manager,CO,80820,11/27/1979,Under 40,M ,Single,US Citizen,No,White,8/19/2013,,0,1340,N/A - still employed,Active,Sales,Lynn Daneault,21,Pay Per Click - Google,Fully Meets,2.19,5,0,1/22/2019,0
"Owad, Clinton",1103024335,0,19,Production Technician I,MA,1760,11/24/1979,Under 40,M ,Single,US Citizen,No,Black or African American,2/17/2014,,0,1158,N/A - still employed,Active,Production       ,Michael Albert,22,MBTA ads,Needs Improvement,4.25,3,0,2/4/2019,0
"Davis, Daniel",1201031274,0,20,Production Technician II,MA,2458,9/14/1979,Under 40,M ,Single,Eligible NonCitizen,No,Two or more races,11/7/2011,,0,1991,N/A - still employed,Active,Production       ,Kissy Sullivan,20,Newspager/Magazine,Fully Meets,3.96,4,0,2/27/2019,0
"Zamora, Jennifer",1112030816,0,6,CIO,MA,2067,8/30/1979,Under 40,F,Single,US Citizen,No,White,4/10/2010,,0,2567,N/A - still employed,Active,IT/IS,Janet King,2,Employee Referral,Exceeds,1.12,5,6,2/21/2019,0
"Del Bosque, Keyla",1203032498,0,24,Software Engineer,MA,2176,7/5/1979,Under 40,F,Single,US Citizen,No,Black or African American,1/9/2012,,0,1928,N/A - still employed,Active,Software Engineering,Alex Sweetwater,10,Monster.com,Fully Meets,3.79,5,5,1/25/2019,0
"Andreola, Colby",1107027358,0,24,Software Engineer,MA,2110,5/24/1979,Under 40,F,Single,US Citizen,No,White,11/10/2014,,0,892,N/A - still employed,Active,Software Engineering,Alex Sweetwater,10,Vendor Referral,Fully Meets,3.04,3,4,1/2/2019,0
"Gordon, David",1106026579,0,19,Production Technician I,MA,2169,5/21/1979,Under 40,M ,Married,US Citizen,No,White,7/2/2012,,0,1753,N/A - still employed,Active,Production       ,David Stanley,14,MBTA ads,Fully Meets,5,3,0,1/14/2019,0
"Foster-Baker, Amy",1201031308,0,26,Sr. Accountant,MA,2050,4/16/1979,Under 40,F,Married,US Citizen,no,White,1/5/2009,,0,3027,N/A - still employed,Active,Admin Offices,Board of Directors,9,Other,Fully Meets,5,3,2,2/8/2019,0
"Becker, Scott",1110029777,0,19,Production Technician I,MA,2452,4/6/1979,Under 40,M ,Single,US Citizen,No,Asian,7/8/2013,,0,1382,N/A - still employed,Leave of Absence,Production       ,Webster Butler,,MBTA ads,Fully Meets,1.09,4,0,1/11/2019,0
"Morway, Tanya",1001956578,0,15,Network Engineer,MA,2048,4/4/1979,Under 40,F,Married,US Citizen,No,White,2/16/2015,,0,794,N/A - still employed,Active,IT/IS,Peter Monroe,7,Monster.com,Fully Meets,3.81,3,6,2/11/2019,0
"Linden, Mathew",1405067565,0,20,Production Technician II,MA,1770,3/19/1979,Under 40,M ,Married,US Citizen,No,White,7/8/2013,,0,1382,N/A - still employed,Leave of Absence,Production       ,Kelley Spirea,18,Information Session,Fully Meets,4,3,0,2/18/2019,0
"Petingill, Shana  ",1103024843,0,20,Production Technician II,MA,2050,3/10/1979,Under 40,F,Married,Eligible NonCitizen,No,Asian,4/2/2012,,0,1844,N/A - still employed,Active,Production       ,Brannon Miller,12,MBTA ads,Fully Meets,2.61,3,0,1/14/2019,0
"Zhou, Julia",1110029732,0,9,Data Analyst,MA,2148,2/24/1979,Under 40,F,Single,US Citizen,No,White,3/30/2015,,0,752,N/A - still employed,Active,IT/IS,Simon Roup,4,Employee Referral,Fully Meets,5,3,5,2/1/2019,0
"Chan, Lin",1305057282,0,19,Production Technician I,MA,2170,2/12/1979,Under 40,F,Single,US Citizen,No,White,5/12/2014,,0,1074,N/A - still employed,Active,Production       ,Elijiah Gray,16,Internet Search,Fully Meets,2.73,4,0,2/19/2019,0
"DiNocco, Lily ",1209048696,0,19,Production Technician I,MA,2351,12/2/1978,Under 40,F,Married,US Citizen,No,Black or African American,1/7/2013,,0,1564,N/A - still employed,Active,Production       ,Brannon Miller,12,Pay Per Click - Google,Needs Improvement,3.88,4,0,1/18/2019,0
"Darson, Jene'ya ",1001109612,0,19,Production Technician I,MA,2110,11/5/1978,Under 40,F,Married,US Citizen,No,White,7/2/2012,,0,1753,N/A - still employed,Active,Production       ,Elijiah Gray,16,Billboard,Fully Meets,5,3,0,2/25/2019,0
"Faller, Megan ",1108028428,0,20,Production Technician II,MA,1824,9/22/1978,Under 40,F,Married,US Citizen,No,Black or African American,7/7/2014,,0,1018,N/A - still employed,Active,Production       ,Elijiah Gray,16,Professional Society,Fully Meets,1.49,5,0,2/22/2019,0
"England, Rex",1101023612,0,19,Production Technician I,MA,2045,8/25/1978,Under 40,M ,Married,US Citizen,No,White,3/31/2014,,0,1116,N/A - still employed,Active,Production       ,Kelley Spirea,18,Employee Referral,Fully Meets,2.05,3,0,1/11/2019,0
"Zima, Colleen",1211051232,0,19,Production Technician I,MA,1730,8/17/1978,Under 40,F,Widowed,US Citizen,No,Asian,9/29/2014,,0,934,N/A - still employed,Active,Production       ,David Stanley,14,On-campus Recruiting,Fully Meets,1.24,5,0,1/30/2019,0
"Warfield, Sarah",1301052347,0,28,Sr. Network Engineer,MA,2453,5/2/1978,Under 40,F,Widowed,US Citizen,No,Asian,3/30/2015,,0,752,N/A - still employed,Active,IT/IS,Peter Monroe,7,Employee Referral,Fully Meets,1.06,4,8,2/5/2019,0
"Sullivan, Kissy ",1405067298,0,18,Production Manager,MA,1776,3/28/1978,Under 40,F,Married,US Citizen,No,Black or African American,1/8/2009,,0,3024,N/A - still employed,Active,Production       ,Janet King,2,Billboard,Fully Meets,3.73,4,0,1/24/2019,0
"Maurice, Shana",1401064327,0,19,Production Technician I,MA,2330,11/22/1977,Under 40,F,Married,US Citizen,No,White,5/31/2011,,0,2151,N/A - still employed,Active,Production       ,David Stanley,14,Other,Fully Meets,5,4,0,1/10/2019,0
"Knapp, Bradley  J",1304055683,0,19,Production Technician I,MA,1721,11/10/1977,Under 40,M ,Single,US Citizen,No,Black or African American,2/17/2014,,0,1158,N/A - still employed,Active,Production       ,Ketsia Liebig,19,On-campus Recruiting,Fully Meets,2.79,3,0,2/6/2019,0
"Cockel, James",1599991009,0,19,Production Technician I,MA,2452,9/8/1977,Under 40,M ,Single,US Citizen,No,White,7/8/2013,,0,1382,N/A - still employed,Active,Production       ,David Stanley,14,Employee Referral,Fully Meets,1.51,5,0,1/14/2019,0
"Burkett, Benjamin ",1301052449,0,20,Production Technician II,MA,1890,8/19/1977,Under 40,M ,Married,US Citizen,No,White,4/4/2011,,0,2208,N/A - still employed,Active,Production       ,Ketsia Liebig,19,Careerbuilder,Fully Meets,3.25,5,0,1/14/2019,0
"Anderson, Linda  ",1304055947,0,19,Production Technician I,MA,1844,5/22/1977,Under 40,F,Single,US Citizen,No,White,1/9/2012,,0,1928,N/A - still employed,Active,Production       ,Amy Dunn,11,MBTA ads,Exceeds,5,5,0,1/7/2019,0
"Newman, Richard ",1302053044,0,19,Production Technician I,MA,2136,4/8/1977,Over 40,M ,Married,US Citizen,No,White,5/12/2014,,0,1074,N/A - still employed,Leave of Absence,Production       ,Ketsia Liebig,19,On-campus Recruiting,Fully Meets,5,5,0,2/18/2019,0
"Cornett, Lisa ",1403066069,0,19,Production Technician I,MA,2189,3/31/1977,Over 40,F,Married,US Citizen,Yes,White,1/5/2015,,0,836,N/A - still employed,Active,Production       ,Kelley Spirea,18,Billboard,Fully Meets,4.73,5,0,2/14/2019,0
"Handschiegl, Joanne",1405067064,0,19,Production Technician I,MA,2127,3/23/1977,Over 40,F,Married,US Citizen,No,White,11/28/2011,,0,1970,N/A - still employed,Active,Production       ,Michael Albert,22,Word of Mouth,Fully Meets,4.2,4,0,2/22/2019,0
"Osturnka, Adeel",1404066949,0,19,Production Technician I,MA,2478,12/11/1976,Over 40,M ,Married,US Citizen,No,White,9/30/2013,,0,1298,N/A - still employed,Active,Production       ,Kelley Spirea,18,On-campus Recruiting,Exceeds,2.86,3,0,2/7/2019,0
"Moran, Patrick",1408069503,0,20,Production Technician II,MA,2127,12/3/1976,Over 40,M ,Single,US Citizen,No,Hispanic,1/9/2012,,0,1928,N/A - still employed,Leave of Absence,Production       ,Kelley Spirea,18,Diversity Job Fair,Fully Meets,2.5,4,0,1/31/2019,0
"Medeiros, Jennifer",1109029256,0,19,Production Technician I,MA,2346,9/22/1976,Over 40,F,Single,US Citizen,No,White,3/30/2015,,0,752,N/A - still employed,Active,Production       ,Michael Albert,22,Monster.com,Fully Meets,5,4,0,1/21/2019,0
"Manchester, Robyn",1110029623,0,20,Production Technician II,MA,2324,8/25/1976,Over 40,F,Married,US Citizen,No,White,5/11/2016,,0,344,N/A - Has not started yet,Future Start,Production       ,Webster Butler,,Vendor Referral,Fully Meets,5,3,0,1/21/2019,0
"Walker, Roger",1011022818,0,20,Production Technician II,MA,2459,2/10/1976,Over 40,M ,Single,US Citizen,No,Black or African American,8/18/2014,,0,976,N/A - still employed,Active,Production       ,Ketsia Liebig,19,Employee Referral,Fully Meets,3.11,5,0,2/12/2019,0
"Keatts, Kramer ",1301052462,0,19,Production Technician I,MA,1887,1/19/1976,Over 40,M ,Single,US Citizen,No,White,9/30/2013,,0,1298,N/A - still employed,Active,Production       ,Michael Albert,22,Billboard,Fully Meets,3.07,4,0,1/23/2019,0
"Stanley, David ",1000974650,0,18,Production Manager,MA,1803,12/17/1975,Over 40,M ,Divorced,US Citizen,No,White,7/20/2010,,0,2466,N/A - still employed,Active,Production       ,Janet King,2,Monster.com,Needs Improvement,4.13,2,0,1/14/2019,0
"Mullaney, Howard",1306057978,0,3,Area Sales Manager,AL,36006,11/2/1975,Over 40,M ,Single,US Citizen,No,Two or more races,9/29/2014,,0,934,N/A - still employed,Active,Sales,John Smith,17,Internet Search,PIP,1.93,3,0,1/30/2019,0
"Lydon, Allison",1101023353,0,19,Production Technician I,MA,2122,10/22/1975,Over 40,F,Married,US Citizen,No,Black or African American,2/16/2015,,0,794,N/A - still employed,Leave of Absence,Production       ,Elijiah Gray,16,Website Banner Ads,Fully Meets,5,3,0,1/23/2019,0
"Spirea, Kelley",1102024149,0,18,Production Manager,MA,2451,9/30/1975,Over 40,F,Married,US Citizen,No,White,10/2/2012,,0,1661,N/A - still employed,Active,Production       ,Janet King,2,Vendor Referral,Fully Meets,4.83,5,0,2/14/2019,0
"Buck, Edward",1504073313,0,3,Area Sales Manager,MA,2330,7/7/1975,Over 40,M ,Married,US Citizen,No,White,9/29/2014,,0,934,N/A - still employed,Active,Sales,Lynn Daneault,21,Employee Referral,Fully Meets,3.31,5,0,1/28/2019,0
"Sewkumar, Nori",807010161,0,19,Production Technician I,MA,2191,3/10/1975,Over 40,F,Single,US Citizen,No,Asian,9/30/2013,,0,1298,N/A - still employed,Leave of Absence,Production       ,Webster Butler,,Search Engine - Google Bing Yahoo,Fully Meets,5,5,0,2/21/2019,0
"Rose, Ashley  ",710007555,0,19,Production Technician I,MA,1886,12/5/1974,Over 40,F,Separated,US Citizen,No,White,1/6/2014,,0,1200,N/A - still employed,Active,Production       ,David Stanley,14,Website Banner Ads,Fully Meets,5,4,0,1/31/2019,0
"Moumanil, Maliki ",1301052436,0,20,Production Technician II,MA,1460,12/1/1974,Over 40,M ,Separated,US Citizen,No,Black or African American,5/13/2013,,0,1438,N/A - still employed,Active,Production       ,Michael Albert,22,On-campus Recruiting,Fully Meets,4.29,5,0,1/28/2019,0
"Mangal, Debbie",1308060754,0,19,Production Technician I,MA,2451,11/7/1974,Over 40,F,Married,US Citizen,No,White,11/11/2013,,0,1256,N/A - still employed,Active,Production       ,Brannon Miller,12,On-campus Recruiting,Fully Meets,1.04,3,0,1/22/2019,0
"Goyal, Roxana",1312063675,0,19,Production Technician I,MA,1864,10/9/1974,Over 40,F,Married,US Citizen,No,Asian,8/19/2013,,0,1340,N/A - still employed,Leave of Absence,Production       ,Kissy Sullivan,20,On-campus Recruiting,Fully Meets,1.71,5,0,2/15/2019,0
"Engdahl, Jean",1007020403,0,19,Production Technician I,MA,2026,5/31/1974,Over 40,M ,Single,US Citizen,No,White,11/10/2014,,0,892,N/A - still employed,Active,Production       ,Kelley Spirea,18,MBTA ads,Fully Meets,1.86,5,0,2/13/2019,0
Jeremy Prater,1001084890,0,3,Area Sales Manager,NV,89139,5/9/1974,Over 40,M ,Married,US Citizen,No,White,5/12/2014,,0,1074,N/A - still employed,Active,Sales,Lynn Daneault,21,Website Banner Ads,PIP,1.81,2,0,1/17/2019,0
"Harrison, Kara",1404066622,0,19,Production Technician I,MA,1886,5/2/1974,Over 40,F,Married,US Citizen,No,White,5/12/2014,,0,1074,N/A - still employed,Active,Production       ,Amy Dunn,11,Monster.com,Exceeds,4.76,4,0,2/15/2019,0
"Dunn, Amy  ",1409070147,0,18,Production Manager,MA,1731,11/28/1973,Over 40,F,Single,US Citizen,No,White,9/18/2014,,0,945,N/A - still employed,Active,Production       ,Janet King,2,Search Engine - Google Bing Yahoo,Fully Meets,4.52,4,0,1/15/2019,0
"Peterson, Kayla ",1307059944,0,19,Production Technician I,MA,1749,9/23/1973,Over 40,F,Married,US Citizen,No,White,4/26/2010,,0,2551,N/A - still employed,Active,Production       ,Ketsia Liebig,19,Search Engine - Google Bing Yahoo,Fully Meets,2.72,3,0,1/21/2019,0
"Roup,Simon",1106026933,0,13,IT Manager - DB,MA,2481,4/5/1973,Over 40,M ,Single,US Citizen,No,White,1/20/2013,,0,1551,N/A - still employed,Active,IT/IS,Jennifer Zamora,5,Professional Society,Fully Meets,2.96,5,7,2/18/2019,0
"Soto, Julia ",1203032263,0,14,IT Support,MA,2360,3/12/1973,Over 40,F,Married,US Citizen,No,Black or African American,6/10/2011,,0,2141,N/A - still employed,Active,IT/IS,Eric Dougall,6,Information Session,Fully Meets,4.3,3,5,2/8/2019,0
"Rivera, Haley  ",1405067642,0,19,Production Technician I,MA,2171,1/12/1973,Over 40,F,Married,US Citizen,No,Asian,11/28/2011,,0,1970,N/A - still employed,Active,Production       ,Webster Butler,,Search Engine - Google Bing Yahoo,Exceeds,4.36,5,0,2/11/2019,0
"Roper, Katie",1009919950,0,7,Data Architect,MA,2056,11/21/1972,Over 40,F,Single,US Citizen,No,Black or African American,1/7/2017,,0,103,N/A - still employed,Active,IT/IS,Brian Champaigne,13,Indeed,Fully Meets,4.94,3,5,2/6/2019,0
"Jackson, Maryellen",1201031438,0,19,Production Technician I,MA,2081,9/11/1972,Over 40,F,Single,US Citizen,No,White,11/5/2012,,0,1627,N/A - still employed,Active,Production       ,David Stanley,14,Newspager/Magazine,Fully Meets,2.32,3,0,1/17/2019,0
"Champaigne, Brian",1009919920,0,5,BI Director,MA,2045,2/9/1972,Over 40,M ,Married,US Citizen,No,White,9/6/2016,,0,226,N/A - still employed,Active,IT/IS,Jennifer Zamora,5,Professional Society,Fully Meets,4.5,5,7,1/15/2019,0
"Bernstein, Sean",1109029366,0,19,Production Technician I,MA,2072,12/22/1970,Over 40,M ,Single,US Citizen,Yes,White,4/2/2012,,0,1844,N/A - still employed,Active,Production       ,Amy Dunn,11,Word of Mouth,Fully Meets,5,3,0,1/14/2019,0
"Beatrice, Courtney ",1403066194,0,19,Production Technician I,MA,1915,10/27/1970,Over 40,F,Single,Eligible NonCitizen,No,White,4/4/2011,,0,2208,N/A - still employed,Active,Production       ,Elijiah Gray,16,Search Engine - Google Bing Yahoo,Fully Meets,5,5,0,1/14/2019,0
"Dougall, Eric",1101023754,0,13,IT Manager - Support,MA,1886,7/9/1970,Over 40,M ,Single,US Citizen,No,White,1/5/2014,,0,1201,N/A - still employed,Active,IT/IS,Jennifer Zamora,5,Professional Society,Exceeds,1.99,5,5,1/4/2019,0
"Martins, Joseph",1209048771,0,3,Area Sales Manager,TX,78207,6/11/1970,Over 40,M ,Single,Eligible NonCitizen,No,Black or African American,5/14/2012,,0,1802,N/A - still employed,Active,Sales,Lynn Daneault,21,Employee Referral,Fully Meets,2.94,5,0,1/19/2019,0
"Navathe, Kurt",1009919960,0,22,Senior BI Developer,MA,2056,4/25/1970,Over 40,M ,Single,US Citizen,No,Asian,2/10/2017,,0,69,N/A - still employed,Active,IT/IS,Brian Champaigne,13,Indeed,Fully Meets,5,3,6,2/25/2019,0
"Monterro, Luisa",1001103149,0,20,Production Technician II,MA,2126,4/24/1970,Over 40,F,Single,US Citizen,No,Black or African American,5/13/2013,,0,1438,N/A - still employed,Active,Production       ,Kissy Sullivan,20,Billboard,Exceeds,2.55,3,0,1/14/2019,0
"Bachiochi, Linda",1212051409,0,19,Production Technician I,MA,1902,2/11/1970,Over 40,F,Single,US Citizen,No,Two or more races,7/6/2009,,0,2845,N/A - still employed,Leave of Absence,Production       ,Brannon Miller,12,Diversity Job Fair,Fully Meets,4.46,3,0,1/25/2019,0
"Simard, Kramer",808010278,0,9,Data Analyst,MA,2110,2/8/1970,Over 40,M ,Married,US Citizen,Yes,White,1/5/2015,,0,836,N/A - still employed,Active,IT/IS,Simon Roup,4,Employee Referral,Fully Meets,3.32,3,7,1/14/2019,0
"Bugali, Josephine ",1408069635,0,19,Production Technician I,MA,2043,10/30/1969,Over 40,F,Separated,US Citizen,No,Black or African American,11/11/2013,,0,1256,N/A - still employed,Leave of Absence,Production       ,Kissy Sullivan,20,Diversity Job Fair,Fully Meets,2.83,5,0,1/21/2019,0
"Gonzalez, Cayo",1411071212,0,19,Production Technician I,MA,2108,9/29/1969,Over 40,M ,Divorced,US Citizen,No,American Indian or Alaska Native,7/11/2011,,0,2110,N/A - still employed,Active,Production       ,Brannon Miller,12,Diversity Job Fair,Exceeds,1.83,4,0,2/18/2019,0
"Johnston, Yen",1306057810,0,20,Production Technician II,MA,2128,9/8/1969,Over 40,F,Single,US Citizen,No,White,7/7/2014,,0,1018,N/A - still employed,Active,Production       ,Brannon Miller,12,Professional Society,Exceeds,1.51,3,0,1/11/2019,0
"Turpin, Jumil",1411071506,0,15,Network Engineer,MA,2343,3/31/1969,Over 40,M ,Married,Eligible NonCitizen,No,White,3/30/2015,,0,752,N/A - still employed,Active,IT/IS,Peter Monroe,7,Employee Referral,Fully Meets,5,4,7,1/14/2019,0
"Friedman, Gerry",1204032843,0,3,Area Sales Manager,NY,10171,2/24/1969,Over 40,M ,Single,US Citizen,Yes,Two or more races,3/7/2011,,0,2236,N/A - still employed,Active,Sales,John Smith,17,Diversity Job Fair,Fully Meets,3.65,5,0,1/17/2019,0
"Albert, Michael  ",1501072311,0,17,Production Manager,MA,2169,10/10/1968,Over 40,M ,Divorced,US Citizen,No,White,8/1/2011,,0,2089,N/A - still employed,Active,Production       ,Janet King,2,Employee Referral,Fully Meets,3.93,3,0,2/27/2019,0
"Sutwell, Barbara",1407069061,0,19,Production Technician I,MA,2718,8/15/1968,Over 40,F,Single,Eligible NonCitizen,No,Asian,5/14/2012,,0,1802,N/A - still employed,Active,Production       ,Elijiah Gray,16,Glassdoor,Fully Meets,2.77,5,0,1/31/2019,0
"Sparks, Taylor  ",1410071137,0,19,Production Technician I,MA,2093,7/20/1968,Over 40,F,Married,US Citizen,No,White,2/20/2012,,0,1886,N/A - still employed,Active,Production       ,Brannon Miller,12,Billboard,PIP,4.11,2,0,2/25/2019,0
"Galia, Lisa",1501072093,0,14,IT Support,CT,6040,7/6/1968,Over 40,F,Single,US Citizen,No,White,5/1/2010,,0,2546,N/A - still employed,Active,IT/IS,Eric Dougall,6,Vendor Referral,Fully Meets,1.21,4,5,2/1/2019,0
"Saar-Beckles, Melinda",1410070998,0,19,Production Technician I,MA,1801,6/6/1968,Over 40,F,Single,US Citizen,No,Black or African American,7/4/2016,,0,290,N/A - Has not started yet,Future Start,Production       ,Kelley Spirea,18,Diversity Job Fair,Needs Improvement,1.12,4,0,2/18/2019,0
"Riordan, Michael",1502072711,0,3,Area Sales Manager,ND,58782,1/15/1968,Over 40,M ,Separated,US Citizen,No,White,1/9/2006,,0,4119,N/A - still employed,Active,Sales,Lynn Daneault,21,Billboard,Exceeds,4.1,3,0,1/4/2019,0
"Tippett, Jeanette",1409070255,0,19,Production Technician I,MA,2093,6/5/1967,Over 40,F,Divorced,US Citizen,No,Black or African American,2/18/2013,,0,1522,N/A - still employed,Active,Production       ,Brannon Miller,12,Billboard,Fully Meets,4.21,5,0,1/14/2019,0
"Ngodup, Shari ",1403066020,0,19,Production Technician I,MA,1810,6/3/1967,Over 40,F,Separated,US Citizen,No,Asian,4/1/2013,,0,1480,N/A - still employed,Active,Production       ,Brannon Miller,12,Diversity Job Fair,Exceeds,1.12,3,0,2/13/2019,0
"Desimone, Carl ",1501072124,0,19,Production Technician I,MA,2061,4/19/1967,Over 40,M ,Married,US Citizen,No,White,7/7/2014,,0,1018,N/A - still employed,Active,Production       ,Amy Dunn,11,Professional Society,PIP,1.12,2,0,1/31/2019,0
"Sweetwater, Alex",1001644719,0,25,Software Engineering Manager,MA,2184,11/22/1966,Over 40,M ,Single,US Citizen,No,White,8/15/2011,,0,2075,N/A - still employed,Active,Software Engineering,Jennifer Zamora,5,Search Engine - Google Bing Yahoo,Fully Meets,3.84,3,5,1/21/2019,0
"Beak, Kimberly  ",1303054329,0,20,Production Technician II,MA,2145,4/17/1966,Over 40,F,Married,US Citizen,No,White,7/21/2016,,0,273,N/A - Has not started yet,Future Start,Production       ,Kelley Spirea,18,Employee Referral,Exceeds,2.7,3,0,1/14/2019,0
"Jacobi, Hannah  ",1503072857,0,19,Production Technician I,MA,1778,3/22/1966,Over 40,F,Divorced,US Citizen,No,White,9/30/2013,,0,1298,N/A - still employed,Active,Production       ,Kissy Sullivan,20,Employee Referral,Fully Meets,2.05,5,0,2/22/2019,0
"Houlihan, Debra",1009021646,0,11,Director of Sales,RI,2908,3/17/1966,Over 40,F,Married,US Citizen,No,White,5/5/2014,,0,1081,N/A - still employed,Active,Sales,Janet King,2,MBTA ads,Fully Meets,1.22,4,0,1/21/2019,0
"South, Joe",1308060959,0,28,Sr. Network Engineer,CT,6278,9/9/1965,Over 40,M ,Single,US Citizen,No,White,11/10/2014,,0,892,N/A - still employed,Active,IT/IS,Peter Monroe,7,Employee Referral,Fully Meets,5,3,4,1/2/2019,0
"Terry, Sharlene ",1401064637,0,3,Area Sales Manager,OR,97756,5/7/1965,Over 40,F,Single,US Citizen,No,Black or African American,9/29/2014,,0,934,N/A - still employed,Active,Sales,Lynn Daneault,21,Monster.com,Fully Meets,3.69,3,0,1/28/2019,0
"Smith, Sade",1501071909,0,19,Production Technician I,MA,2130,2/2/1965,Over 40,F,Single,US Citizen,No,White,11/11/2013,,0,1256,N/A - still employed,Active,Production       ,Ketsia Liebig,19,Employee Referral,Fully Meets,3.73,3,0,1/24/2019,0
"Jhaveri, Sneha  ",1412071713,0,19,Production Technician I,MA,2109,4/13/1964,Over 40,F,Separated,US Citizen,No,White,1/6/2014,,0,1200,N/A - still employed,Active,Production       ,Kelley Spirea,18,On-campus Recruiting,Fully Meets,5,5,0,1/21/2019,0
"Smith, Joe",1001970770,0,20,Production Technician II,MA,2045,10/30/1963,Over 40,M ,Single,US Citizen,No,White,9/29/2014,,0,934,N/A - still employed,Active,Production       ,Elijiah Gray,16,Pay Per Click - Google,Exceeds,2.41,3,0,1/28/2019,0
"Fraval, Maruk ",1411071302,0,3,Area Sales Manager,CT,6050,8/28/1963,Over 40,M ,Single,US Citizen,No,Black or African American,9/6/2011,,0,2053,N/A - still employed,Active,Sales,Lynn Daneault,21,Monster.com,Fully Meets,1.64,3,0,1/27/2019,0
"Carter, Michelle ",1403065721,0,3,Area Sales Manager,VT,5664,5/15/1963,Over 40,F,Single,US Citizen,No,White,8/18/2014,,0,976,N/A - still employed,Active,Sales,John Smith,17,Billboard,Fully Meets,5,5,0,1/21/2019,0
"Punjabhi, Louis  ",1401064562,0,19,Production Technician I,MA,2109,6/19/1961,Over 40,M ,Single,US Citizen,No,White,1/6/2014,,0,1200,N/A - still employed,Active,Production       ,Kelley Spirea,18,Employee Referral,Fully Meets,2.45,3,0,1/7/2019,0
"Biden, Lowan  M",1412071844,0,19,Production Technician I,MA,2027,12/27/1958,Over 40,F,Divorced,US Citizen,No,Asian,8/19/2013,,0,1340,N/A - still employed,Active,Production       ,Ketsia Liebig,19,Billboard,Fully Meets,2.39,3,0,1/10/2019,0
"Gonzales, Ricardo",1411071481,0,3,Area Sales Manager,ID,83706,10/12/1954,Over 40,M ,Married,US Citizen,No,White,5/12/2014,,0,1074,N/A - still employed,Active,Sales,John Smith,17,Monster.com,Fully Meets,3.98,3,0,1/28/2019,0
"King, Janet",1001495124,0,16,President & CEO,MA,1902,9/21/1954,Over 40,F,Married,US Citizen,Yes,White,7/2/2012,,0,1753,N/A - still employed,Active,Executive Office,Board of Directors,9,Pay Per Click - Google,Fully Meets,4.83,3,0,1/17/2019,0
"Daniele, Ann  ",1411071312,0,28,Sr. Network Engineer,CT,6033,1/18/1952,Over 40,F,Married,US Citizen,No,White,11/10/2014,,0,892,N/A - still employed,Leave of Absence,IT/IS,Peter Monroe,7,Vendor Referral,Fully Meets,1.55,5,8,2/12/2019,0
"Chace, Beatrice ",1208048062,0,19,Production Technician I,MA,2763,1/2/1951,Over 40,F,Single,US Citizen,No,White,9/29/2014,,0,934,N/A - still employed,Active,Production       ,Michael Albert,22,Search Engine - Google Bing Yahoo,Fully Meets,5,4,0,2/12/2019,0
"MacLennan, Samuel",1201031032,1,19,Production Technician I,MA,1938,11/9/1972,Over 40,M ,Widowed,US Citizen,No,White,9/24/2012,9/26/2012,2,,hours,Voluntarily Terminated,Production       ,Amy Dunn,11,Pay Per Click,Fully Meets,3.08,4,0,,
"Baczenski, Rachael  ",1307060083,1,19,Production Technician I,MA,1902,1/12/1974,Over 40,F,Married,US Citizen,Yes,Hispanic,1/10/2011,1/12/2011,2,,Another position,Voluntarily Terminated,Production       ,David Stanley,14,Diversity Job Fair,Fully Meets,1.79,4,0,,
"Hernandez, Daniff",1410071156,1,8,Database Administrator,MA,1960,8/7/1986,Under 40,M ,Married,US Citizen,No,Black or African American,2/16/2015,2/22/2015,6,,"no-call, no-show",Terminated for Cause,IT/IS,Simon Roup,4,Employee Referral,Fully Meets,4.33,3,7,,
"Evensen, April",1107027392,1,19,Production Technician I,MA,2458,5/6/1989,Under 40,F,Single,US Citizen,No,White,2/17/2014,2/25/2014,8,,"no-call, no-show",Terminated for Cause,Production       ,Elijiah Gray,16,Word of Mouth,Needs Improvement,1.04,3,0,,
"Gerke, Melisa",1308060622,1,19,Production Technician I,MA,2330,5/15/1970,Over 40,F,Divorced,US Citizen,No,White,11/7/2011,11/15/2011,8,,hours,Voluntarily Terminated,Production       ,Elijiah Gray,16,Diversity Job Fair,Fully Meets,4.24,4,0,,
"Power, Morissa",1102024274,1,19,Production Technician I,MA,1742,10/15/1984,Under 40,F,Divorced,Eligible NonCitizen,No,Asian,5/16/2011,6/4/2011,19,,Another position,Voluntarily Terminated,Production       ,Kissy Sullivan,20,Social Networks - Facebook Twitter etc,Fully Meets,3.17,4,0,,
"Roberson, May",1402065340,1,20,Production Technician II,MA,1902,9/5/1981,Under 40,F,Divorced,Eligible NonCitizen,No,White,9/26/2011,10/22/2011,26,,return to school,Voluntarily Terminated,Production       ,David Stanley,14,Search Engine - Google Bing Yahoo,Fully Meets,2.19,4,0,,
"Goble, Taisha",905013738,1,8,Database Administrator,MA,2127,10/23/1971,Over 40,F,Single,US Citizen,No,White,2/16/2015,3/15/2015,27,,"no-call, no-show",Terminated for Cause,IT/IS,Simon Roup,4,Glassdoor,Fully Meets,1.87,4,4,,
"Mancuso, Karen",1304055986,1,20,Production Technician II,MA,2176,12/10/1986,Under 40,F,Married,US Citizen,No,Two or more races,7/5/2011,8/19/2011,45,,Another position,Voluntarily Terminated,Production       ,Amy Dunn,11,Newspager/Magazine,Fully Meets,5,4,0,,
"Anderson, Carol ",1001417624,1,19,Production Technician I,MA,2169,9/8/1989,Under 40,F,Divorced,US Citizen,No,White,7/11/2011,9/6/2011,57,,return to school,Voluntarily Terminated,Production       ,Webster Butler,39,Word of Mouth,Fully Meets,5,4,0,,
"Howard, Estelle",1211050782,1,2,Administrative Assistant,MA,2170,9/16/1985,Under 40,F,Married,US Citizen,No,White,2/16/2015,4/15/2015,58,,,Terminated for Cause,Admin Offices,Brandon R. LeBlanc,1,Pay Per Click - Google,Fully Meets,3.24,3,4,,
"Theamstern, Sophia",1404066739,1,19,Production Technician I,MA,2066,5/9/1965,Over 40,F,Single,US Citizen,No,White,7/5/2011,9/5/2011,62,,return to school,Voluntarily Terminated,Production       ,Amy Dunn,11,Billboard,Fully Meets,3.98,4,0,,
"Lundy, Susan",1305056276,1,20,Production Technician II,MA,2122,12/26/1976,Over 40,F,Widowed,US Citizen,No,White,7/8/2013,9/15/2013,69,,more money,Voluntarily Terminated,Production       ,Michael Albert,22,On-campus Recruiting,Fully Meets,4.65,4,0,,
"Pelletier, Ermine",1202031821,1,20,Production Technician II,MA,2472,7/18/1989,Under 40,F,Married,US Citizen,No,Asian,7/5/2011,9/15/2011,72,,unhappy,Voluntarily Terminated,Production       ,Amy Dunn,11,Monster.com,Needs Improvement,1.03,5,0,,
"Linares, Marilyn ",1206042315,1,19,Production Technician I,MA,1886,3/26/1981,Under 40,F,Married,US Citizen,No,White,7/5/2011,9/26/2011,83,,unhappy,Voluntarily Terminated,Production       ,Michael Albert,22,Internet Search,Fully Meets,3.18,4,0,,
"Wallace, Courtney  E",1410071026,1,18,Production Manager,MA,2478,11/14/1955,Over 40,F,Married,US Citizen,No,Black or African American,9/26/2011,1/2/2012,98,,Another position,Voluntarily Terminated,Production       ,Janet King,2,Diversity Job Fair,Fully Meets,1.18,3,0,,
"Kirill, Alexandra  ",903013071,1,19,Production Technician I,MA,2127,10/8/1970,Over 40,F,Married,US Citizen,No,White,9/26/2011,1/9/2012,105,,more money,Voluntarily Terminated,Production       ,Amy Dunn,11,Search Engine - Google Bing Yahoo,Fully Meets,3.49,4,0,,
"Tinto, Theresa  ",1103024504,1,19,Production Technician I,MA,1876,7/30/1983,Under 40,F,Divorced,US Citizen,No,White,1/10/2011,5/14/2011,124,,Another position,Voluntarily Terminated,Production       ,Ketsia Liebig,19,Social Networks - Facebook Twitter etc,Fully Meets,2.81,5,0,,
"Whittier, Scott",1307060212,1,19,Production Technician I,MA,2030,5/24/1987,Under 40,M ,Single,US Citizen,Yes,White,1/10/2011,5/15/2011,125,,hours,Voluntarily Terminated,Production       ,Webster Butler,39,Newspager/Magazine,Fully Meets,5,5,0,,
"Tredinnick, Neville ",1104025466,1,15,Network Engineer,MA,1420,5/5/1988,Under 40,M ,Married,US Citizen,No,White,1/5/2015,5/12/2015,127,,medical issues,Voluntarily Terminated,IT/IS,Peter Monroe,7,Monster.com,Fully Meets,5,3,5,,
"LeBel, Jonathan  R",1107027575,1,19,Production Technician I,MA,2050,10/18/1981,Under 40,M ,Single,US Citizen,No,White,2/21/2011,8/4/2011,164,,attendance,Terminated for Cause,Production       ,Kelley Spirea,18,Social Networks - Facebook Twitter etc,Fully Meets,5,4,0,,
"Barbara, Thomas",1312063507,1,19,Production Technician I,MA,2062,2/21/1974,Over 40,M ,Married,US Citizen,Yes,Asian,4/2/2012,9/19/2012,170,,unhappy,Voluntarily Terminated,Production       ,Kissy Sullivan,20,Diversity Job Fair,Fully Meets,1.98,3,0,,
"Barton, Nader",1212051962,1,19,Production Technician I,MA,2747,7/15/1977,Under 40,M ,Divorced,US Citizen,No,White,9/24/2012,4/6/2013,194,,Another position,Voluntarily Terminated,Production       ,Michael Albert,22,On-line Web application,Fully Meets,5,5,0,,
"Rarrick, Quinn",1208048229,1,19,Production Technician I,MA,2478,12/31/1984,Under 40,M ,Divorced,US Citizen,No,White,9/26/2011,4/7/2012,194,,more money,Voluntarily Terminated,Production       ,Michael Albert,22,Pay Per Click - Google,Fully Meets,3.8,5,0,,
"Robertson, Peter",1499902991,1,20,Production Technician II,MA,2138,7/3/1972,Over 40,M ,Married,US Citizen,No,White,7/5/2011,2/8/2012,218,,Another position,Voluntarily Terminated,Production       ,Kissy Sullivan,20,Glassdoor,Fully Meets,2.48,5,0,,
"Homberger, Adrienne  J",1207046956,1,20,Production Technician II,MA,2445,2/16/1984,Under 40,F,Married,Non-Citizen,No,White,8/15/2011,4/7/2012,236,,relocation out of area,Voluntarily Terminated,Production       ,Michael Albert,30,Glassdoor,Fully Meets,3.03,5,0,,
"Peters, Lauren",1411071406,1,20,Production Technician II,MA,1886,8/17/1986,Under 40,F,Married,US Citizen,No,White,5/16/2011,2/4/2012,264,,more money,Voluntarily Terminated,Production       ,Ketsia Liebig,19,Pay Per Click - Google,Exceeds,1.79,5,0,,
"Purinton, Janine",1011022926,1,19,Production Technician I,MA,2474,9/22/1970,Over 40,F,Divorced,US Citizen,No,White,9/24/2012,6/18/2013,267,,unhappy,Voluntarily Terminated,Production       ,Kissy Sullivan,20,Billboard,Fully Meets,1.5,5,0,,
"Foreman, Tanya",1012023204,1,20,Production Technician II,MA,2170,11/8/1983,Under 40,F,Married,US Citizen,No,White,4/4/2011,1/9/2012,280,,career change,Voluntarily Terminated,Production       ,Ketsia Liebig,19,Word of Mouth,Fully Meets,3.66,3,0,,
"Salter, Jason",1111030148,1,9,Data Analyst ,MA,2452,12/17/1987,Under 40,M ,Divorced,US Citizen,No,Black or African American,1/5/2015,10/31/2015,299,,hours,Voluntarily Terminated,IT/IS,Simon Roup,4,Vendor Referral,Fully Meets,2.19,3,5,,
"Roehrich, Bianca",1111030266,1,29,Principal Data Architect,MA,2703,5/27/1973,Over 40,F,Single,US Citizen,Yes,White,1/5/2015,11/10/2015,309,,Another position,Voluntarily Terminated,IT/IS,Simon Roup,4,Vendor Referral,Fully Meets,3.88,3,7,,
"Bozzi, Charles",1303054580,1,18,Production Manager,MA,1901,3/10/1970,Over 40,M ,Single,US Citizen,No,Asian,9/30/2013,8/7/2014,311,,retiring,Voluntarily Terminated,Production       ,Janet King,2,Billboard,Fully Meets,3.39,3,0,,
"Latif, Mohammed",1104025486,1,20,Production Technician II,MA,2126,5/9/1984,Under 40,M ,Married,US Citizen,No,White,4/2/2012,4/15/2013,378,,more money,Voluntarily Terminated,Production       ,Kissy Sullivan,20,Word of Mouth,Fully Meets,1.84,3,0,,
"Close, Phil",1209048697,1,20,Production Technician II,MA,2169,11/25/1978,Under 40,M ,Married,US Citizen,No,White,8/30/2010,9/26/2011,392,,career change,Voluntarily Terminated,Production       ,David Stanley,14,Other,Fully Meets,1.3,4,0,,
"Gonzalez, Juan",1411071324,1,20,Production Technician II,MA,2128,10/12/1964,Over 40,M ,Married,US Citizen,No,Black or African American,4/26/2010,5/30/2011,399,,career change,Voluntarily Terminated,Production       ,Brannon Miller,12,Diversity Job Fair,PIP,4.35,3,0,,
"Tejeda, Lenora ",1406068345,1,20,Production Technician II,MA,2129,5/24/1953,Over 40,F,Married,US Citizen,No,White,5/16/2011,7/8/2012,419,,Another position,Voluntarily Terminated,Production       ,Elijiah Gray,16,Search Engine - Google Bing Yahoo,Fully Meets,3.93,3,0,,
"True, Edward",1102024057,1,24,Software Engineer,MA,2451,6/14/1983,Under 40,M ,Single,Non-Citizen,No,Black or African American,2/18/2013,4/15/2014,421,,medical issues,Voluntarily Terminated,Software Engineering,Alex Sweetwater,10,Diversity Job Fair,Fully Meets,1.11,3,4,,
"Gill, Whitney  ",1302053046,1,3,Area Sales Manager,OH,43050,7/10/1971,Over 40,F,Widowed,US Citizen,No,Black or African American,7/7/2014,9/5/2015,425,,attendance,Terminated for Cause,Sales,John Smith,17,Monster.com,Fully Meets,3.97,4,0,,
"Becker, Renee",1102024056,1,8,Database Administrator,MA,2026,4/4/1986,Under 40,F,Single,US Citizen,Yes,White,7/7/2014,9/12/2015,432,,performance,Terminated for Cause,IT/IS,Simon Roup,4,Search Engine - Google Bing Yahoo,Fully Meets,1.87,4,5,,
"Brill, Donna",1406068293,1,19,Production Technician I,MA,1701,8/24/1990,Under 40,F,Married,US Citizen,No,White,4/2/2012,6/15/2013,439,,Another position,Voluntarily Terminated,Production       ,David Stanley,14,Search Engine - Google Bing Yahoo,Fully Meets,3.35,4,0,,
"Cole, Spencer",1001450968,1,19,Production Technician I,MA,1880,8/12/1979,Under 40,M ,Single,US Citizen,No,Black or African American,7/11/2011,9/23/2012,440,,performance,Terminated for Cause,Production       ,Kissy Sullivan,20,MBTA ads,Needs Improvement,1.42,3,0,,
"Ait Sidi, Karthikeyan   ",1307060199,1,27,Sr. DBA,MA,2148,5/5/1975,Over 40,M ,Married,US Citizen,No,White,3/30/2015,6/16/2016,444,,career change,Voluntarily Terminated,IT/IS,Simon Roup,4,Company Intranet - Partner,Fully Meets,4.96,3,6,,
"Akinkuolie, Sarah",1005019209,1,20,Production Technician II,MA,1810,9/19/1988,Under 40,F,Married,US Citizen,No,White,7/5/2011,9/24/2012,447,,hours,Voluntarily Terminated,Production       ,Kissy Sullivan,20,Newspager/Magazine,Fully Meets,3.02,3,0,,
"Langford, Lindsey",1010022030,1,20,Production Technician II,MA,2090,7/25/1979,Under 40,F,Divorced,US Citizen,No,Asian,1/7/2013,3/31/2014,448,,Another position,Voluntarily Terminated,Production       ,David Stanley,14,Glassdoor,Fully Meets,4.52,3,0,,
"Oliver, Brooke ",1001856521,1,20,Production Technician II,MA,2492,2/11/1952,Over 40,F,Married,US Citizen,No,Asian,5/14/2012,8/19/2013,462,,unhappy,Voluntarily Terminated,Production       ,Webster Butler,39,Newspager/Magazine,Fully Meets,5,3,0,,
"Rossetti, Bruno",1405067492,1,19,Production Technician I,MA,2155,3/18/1987,Under 40,M ,Single,US Citizen,No,White,4/4/2011,8/13/2012,497,,Another position,Voluntarily Terminated,Production       ,Kissy Sullivan,20,Search Engine - Google Bing Yahoo,Fully Meets,5,5,0,,
"Pham, Hong",1305057440,1,19,Production Technician I,MA,2451,3/6/1988,Under 40,M ,Married,US Citizen,No,White,7/5/2011,11/30/2012,514,,more money,Voluntarily Terminated,Production       ,Brannon Miller,12,Search Engine - Google Bing Yahoo,Fully Meets,5,3,0,,
"Pearson, Randall",1102023965,1,9,Data Analyst,MA,2747,9/5/1984,Under 40,M ,Married,US Citizen,No,White,12/1/2014,5/1/2016,517,,performance,Voluntarily Terminated,IT/IS,Simon Roup,4,Employee Referral,Fully Meets,1.62,4,5,,
"Trzeciak, Cybil",1107027551,1,20,Production Technician II,MA,1778,3/15/1985,Under 40,F,Single,US Citizen,No,White,1/10/2011,7/2/2012,539,,unhappy,Voluntarily Terminated,Production       ,Amy Dunn,11,Vendor Referral,Fully Meets,1.3,3,0,,
"Sadki, Nore  ",1308060535,1,19,Production Technician I,MA,2148,12/21/1974,Over 40,M ,Single,US Citizen,No,White,1/5/2009,7/30/2010,571,,relocation out of area,Voluntarily Terminated,Production       ,Michael Albert,22,Word of Mouth,Fully Meets,1.53,5,0,,
"Immediato, Walter",1403065874,1,18,Production Manager,MA,2128,11/15/1976,Over 40,M ,Married,US Citizen,No,Asian,2/21/2011,9/24/2012,581,,unhappy,Voluntarily Terminated,Production       ,Janet King,2,Other,Needs Improvement,2.34,2,0,,
"Cloninger, Jennifer",1012023226,1,20,Production Technician II,MA,1752,8/31/1981,Under 40,F,Married,US Citizen,No,White,5/16/2011,1/7/2013,602,,unhappy,Voluntarily Terminated,Production       ,Brannon Miller,12,Word of Mouth,Fully Meets,1.16,5,0,,
"Leach, Dallas",1408069409,1,19,Production Technician I,MA,1810,1/17/1979,Under 40,F,Single,US Citizen,No,Asian,9/26/2011,8/19/2013,693,,return to school,Voluntarily Terminated,Production       ,Kissy Sullivan,20,Monster.com,Fully Meets,4.88,3,0,,
"Pelech, Emil",1307060058,1,19,Production Technician I,MA,2458,3/17/1988,Under 40,M ,Single,US Citizen,No,Black or African American,1/10/2011,12/28/2012,718,,career change,Voluntarily Terminated,Production       ,Webster Butler,39,Search Engine - Google Bing Yahoo,Needs Improvement,3.54,5,0,,
"Smith, Leigh Ann",711007713,1,2,Administrative Assistant,MA,1844,6/14/1987,Under 40,F,Married,US Citizen,No,Asian,9/26/2011,9/25/2013,730,,career change,Voluntarily Terminated,Admin Offices,Brandon R. LeBlanc,1,Diversity Job Fair,Fully Meets,3.8,4,4,,
"Favis, Donald  ",1412071562,1,30,Enterprise Architect,CT,6033,7/30/1964,Over 40,M ,Single,US Citizen,No,Black or African American,2/17/2014,2/19/2016,732,,hours,Terminated for Cause,IT/IS,Simon Roup,4,Vendor Referral,Fully Meets,2.94,5,7,,
"O'hare, Lynn",1206044851,1,19,Production Technician I,MA,2152,9/30/1980,Under 40,F,Single,US Citizen,No,Two or more races,3/31/2014,5/1/2016,762,,performance,Terminated for Cause,Production       ,Kissy Sullivan,20,Professional Society,PIP,3.09,2,0,,
"Exantus, Susan",1401064670,1,24,Software Engineer,MA,1749,5/15/1987,Under 40,F,Married,US Citizen,No,Black or African American,5/2/2011,6/5/2013,765,,attendance,Terminated for Cause,Software Engineering,Alex Sweetwater,10,Billboard,Needs Improvement,2.55,5,4,,
"Fitzpatrick, Michael  J",1109029103,1,20,Production Technician II,MA,2143,10/1/1981,Under 40,M ,Single,US Citizen,Yes,White,5/16/2011,6/24/2013,770,,hours,Voluntarily Terminated,Production       ,Amy Dunn,11,Social Networks - Facebook Twitter etc,Fully Meets,4.76,5,0,,
"Huynh, Ming",1306058509,1,20,Production Technician II,MA,1742,9/22/1976,Over 40,F,Divorced,US Citizen,No,White,2/21/2011,4/1/2013,770,,unhappy,Voluntarily Terminated,Production       ,Amy Dunn,11,Search Engine - Google Bing Yahoo,Fully Meets,3.72,3,0,,
"Hendrickson, Trina",1011022932,1,20,Production Technician II,MA,2021,8/27/1972,Over 40,F,Single,US Citizen,No,White,1/10/2011,2/18/2013,770,,hours,Voluntarily Terminated,Production       ,Kelley Spirea,18,Monster.com,Fully Meets,5,3,0,,
"Squatrito, Kristen",1405067138,1,19,Production Technician I,MA,2359,3/26/1973,Over 40,F,Divorced,US Citizen,No,White,5/13/2013,6/29/2015,777,,unhappy,Voluntarily Terminated,Production       ,David Stanley,14,MBTA ads,Exceeds,1.97,4,0,,
"Eaton, Marianne",1406067865,1,19,Production Technician I,MA,2343,9/5/1991,Under 40,F,Married,US Citizen,No,White,4/4/2011,6/6/2013,794,,military,Voluntarily Terminated,Production       ,Kissy Sullivan,20,Search Engine - Google Bing Yahoo,Fully Meets,5,3,0,,
"Kampew, Donysha",1109029264,1,21,Sales Manager,PA,19444,11/11/1989,Under 40,F,Single,US Citizen,No,White,11/7/2011,4/24/2014,899,,maternity leave - did not return,Voluntarily Terminated,Sales,Debra Houlihan,15,Social Networks - Facebook Twitter etc,Fully Meets,1.9,5,0,,
"Estremera, Miguel",1104025243,1,19,Production Technician I,MA,2129,9/2/1983,Under 40,M ,Single,US Citizen,No,White,4/2/2012,9/27/2014,908,,attendance,Terminated for Cause,Production       ,Michael Albert,22,Word of Mouth,Needs Improvement,5,4,0,,
"Ndzi, Colombui",1204033041,1,19,Production Technician I,MA,2110,5/2/1989,Under 40,M ,Single,US Citizen,No,Black or African American,9/26/2011,4/4/2014,921,,return to school,Voluntarily Terminated,Production       ,Webster Butler,39,Diversity Job Fair,Fully Meets,2.61,3,0,,
"Ferguson, Susan",1502072511,1,19,Production Technician I,MA,2176,4/14/1955,Over 40,F,Married,US Citizen,No,White,11/7/2011,5/17/2014,922,,military,Voluntarily Terminated,Production       ,Webster Butler,39,Search Engine - Google Bing Yahoo,Fully Meets,3.13,3,0,,
"Gross, Paula",1103024859,1,19,Production Technician I,MA,2176,5/21/1983,Under 40,F,Divorced,US Citizen,No,White,2/21/2011,1/11/2014,1055,,more money,Voluntarily Terminated,Production       ,Kelley Spirea,18,Monster.com,Fully Meets,5,5,0,,
"Panjwani, Nina",1109029531,1,19,Production Technician I,MA,2351,5/1/1979,Under 40,F,Married,US Citizen,No,White,2/7/2011,1/12/2014,1070,,Another position,Voluntarily Terminated,Production       ,Elijiah Gray,16,Social Networks - Facebook Twitter etc,Fully Meets,3.89,4,0,,
"Bunbury, Jessica",1504073368,1,3,Area Sales Manager,VA,21851,6/1/1964,Over 40,F,Married,Eligible NonCitizen,No,Black or African American,8/15/2011,8/2/2014,1083,,Another position,Voluntarily Terminated,Sales,John Smith,17,Social Networks - Facebook Twitter etc,Fully Meets,3.14,5,0,,
"Wallace, Theresa",1101023619,1,19,Production Technician I,MA,1887,8/2/1980,Under 40,F,Single,US Citizen,No,White,8/13/2012,9/1/2015,1114,,career change,Voluntarily Terminated,Production       ,Elijiah Gray,16,Monster.com,Needs Improvement,1.27,3,0,,
"Miller, Ned",1205033439,1,20,Production Technician II,MA,2472,6/29/1985,Under 40,M ,Single,US Citizen,No,White,8/15/2011,9/4/2014,1116,,unhappy,Voluntarily Terminated,Production       ,Brannon Miller,12,MBTA ads,PIP,5,2,0,,
"Winthrop, Jordan  ",1405067188,1,20,Production Technician II,MA,2045,11/7/1958,Over 40,M ,Single,US Citizen,No,White,1/7/2013,2/21/2016,1140,,retiring,Voluntarily Terminated,Production       ,Brannon Miller,12,Professional Society,Exceeds,1.67,3,0,,
"Ndzi, Horia",1204033044,1,19,Production Technician I,MA,2421,3/28/1983,Under 40,M ,Married,US Citizen,No,White,4/1/2013,5/25/2016,1150,,more money,Voluntarily Terminated,Production       ,Amy Dunn,11,Employee Referral,Fully Meets,3.18,3,0,,
"Thibaud, Kenneth",1011022777,1,20,Production Technician II,MA,2472,9/16/1975,Over 40,M ,Widowed,US Citizen,No,White,6/25/2007,8/30/2010,1162,,military,Voluntarily Terminated,Production       ,Webster Butler,39,Pay Per Click - Google,Fully Meets,1.37,4,0,,
"Gilles, Alex",1008020960,1,19,Production Technician I,MA,2062,8/9/1974,Over 40,M ,Married,US Citizen,No,Black or African American,4/2/2012,6/25/2015,1179,,military,Voluntarily Terminated,Production       ,Webster Butler,39,Diversity Job Fair,Needs Improvement,3.97,4,0,,
"Bondwell, Betsy",1008021030,1,20,Production Technician II,MA,2210,1/16/1967,Over 40,F,Single,US Citizen,No,White,1/10/2011,4/4/2014,1180,,career change,Voluntarily Terminated,Production       ,Elijiah Gray,16,Search Engine - Google Bing Yahoo,Fully Meets,1.38,5,0,,
"Williams, Jacquelyn  ",1308060671,1,19,Production Technician I,MA,2109,10/2/1969,Over 40,F,Single,US Citizen,Yes,Two or more races,1/9/2012,6/27/2015,1265,,relocation out of area,Voluntarily Terminated,Production       ,Ketsia Liebig,19,Diversity Job Fair,Fully Meets,1.44,4,0,,
"Veera, Abdellah ",1203032235,1,19,Production Technician I,MA,2171,1/31/1987,Under 40,M ,Divorced,US Citizen,No,White,8/13/2012,2/5/2016,1271,,maternity leave - did not return,Voluntarily Terminated,Production       ,Kissy Sullivan,20,Information Session,Exceeds,3.84,5,0,,
"Meads, Elizabeth",1409070245,1,19,Production Technician I,MA,1760,5/30/1968,Over 40,F,Single,US Citizen,No,Black or African American,4/2/2012,11/11/2015,1318,,Another position,Voluntarily Terminated,Production       ,Kelley Spirea,18,Diversity Job Fair,Fully Meets,4.18,4,0,,
"Guilianno, Mike",1001167253,1,3,Area Sales Manager,TN,37129,2/9/1969,Over 40,M ,Single,US Citizen,No,Two or more races,3/7/2011,10/31/2014,1334,,relocation out of area,Voluntarily Terminated,Sales,John Smith,17,Newspager/Magazine,Fully Meets,4.5,5,0,,
"Kinsella, Kathleen  ",710007401,1,19,Production Technician I,MA,2170,12/8/1973,Over 40,F,Married,US Citizen,No,White,9/26/2011,6/4/2015,1347,,more money,Voluntarily Terminated,Production       ,Webster Butler,39,Search Engine - Google Bing Yahoo,Fully Meets,3.6,5,0,,
"Ruiz, Ricardo",1001175250,1,13,IT Manager - DB,MA,1915,1/4/1964,Over 40,M ,Divorced,US Citizen,No,Two or more races,1/9/2012,11/4/2015,1395,,hours,Voluntarily Terminated,IT/IS,Jennifer Zamora,5,Diversity Job Fair,Fully Meets,2.51,4,6,,
"Patronick, Luke",1112030979,1,24,Software Engineer,MA,1844,2/20/1979,Under 40,M ,Single,US Citizen,No,Asian,11/7/2011,9/7/2015,1400,,Another position,Voluntarily Terminated,Software Engineering,Alex Sweetwater,10,Diversity Job Fair,Exceeds,1.1,5,3,,
"Tavares, Desiree  ",1405067501,1,19,Production Technician I,MA,1801,4/3/1975,Over 40,F,Married,Non-Citizen,No,Two or more races,4/27/2009,4/1/2013,1435,,Another position,Voluntarily Terminated,Production       ,Webster Butler,39,Diversity Job Fair,Fully Meets,2.52,5,0,,
"Harrington, Christie ",1110029602,1,19,Production Technician I,MA,2324,8/18/1952,Over 40,F,Single,US Citizen,No,White,1/9/2012,12/15/2015,1436,,retiring,Voluntarily Terminated,Production       ,Webster Butler,39,Monster.com,Fully Meets,4.64,4,0,,
"Lynch, Lindsay",1001138521,1,19,Production Technician I,MA,1844,2/14/1973,Over 40,F,Single,US Citizen,Yes,Two or more races,11/7/2011,11/14/2015,1468,,Another position,Voluntarily Terminated,Production       ,Webster Butler,39,Diversity Job Fair,Exceeds,5,4,0,,
"DeGweck,  James",1306058816,1,19,Production Technician I,MA,1810,10/31/1977,Under 40,M ,Married,US Citizen,No,White,5/16/2011,6/8/2015,1484,,unhappy,Voluntarily Terminated,Production       ,Webster Butler,39,Billboard,Fully Meets,5,4,0,,
"Wilber, Barry",1101023839,1,19,Production Technician I,MA,2324,9/9/1965,Over 40,M ,Married,Eligible NonCitizen,No,White,5/16/2011,9/7/2015,1575,,unhappy,Voluntarily Terminated,Production       ,Amy Dunn,11,Website Banner Ads,Fully Meets,5,3,0,,
"Volk, Colleen",1011022814,1,19,Production Technician I,MA,2747,6/3/1986,Under 40,F,Married,US Citizen,No,White,9/26/2011,2/8/2016,1596,,gross misconduct,Terminated for Cause,Production       ,Kelley Spirea,18,Social Networks - Facebook Twitter etc,Exceeds,2.79,5,0,,
"Chivukula, Enola",1101023394,1,19,Production Technician I,MA,1775,8/27/1983,Under 40,F,Single,US Citizen,No,White,6/27/2011,11/15/2015,1602,,relocation out of area,Voluntarily Terminated,Production       ,Amy Dunn,11,Other,Fully Meets,2,4,0,,
"Perry, Shakira",1109029186,1,19,Production Technician I,MA,2176,7/20/1986,Under 40,F,Single,US Citizen,No,White,5/16/2011,10/25/2015,1623,,medical issues,Voluntarily Terminated,Production       ,Amy Dunn,11,MBTA ads,Fully Meets,3.45,4,0,,
"Johnson, George",1105025721,1,19,Production Technician I,MA,2445,8/19/1959,Over 40,M ,Married,US Citizen,No,White,11/7/2011,4/29/2016,1635,,more money,Voluntarily Terminated,Production       ,Michael Albert,22,Monster.com,Exceeds,1.65,4,0,,
"Quinn, Sean",1206043417,1,23,Shared Services Manager,MA,2045,11/6/1984,Under 40,M ,Married,Eligible NonCitizen,No,Black or African American,2/21/2011,8/15/2015,1636,,career change,Voluntarily Terminated,Admin Offices,Janet King,2,Diversity Job Fair,Fully Meets,4.15,4,0,,
"Demita, Carla",1104025179,1,20,Production Technician II,MA,2343,2/25/1951,Over 40,F,Separated,US Citizen,No,Black or African American,4/4/2011,11/4/2015,1675,,more money,Voluntarily Terminated,Production       ,Kelley Spirea,18,Search Engine - Google Bing Yahoo,Fully Meets,4.62,5,0,,
"Rhoads, Thomas",1211050793,1,19,Production Technician I,MA,2176,7/22/1982,Under 40,M ,Divorced,US Citizen,Yes,White,5/16/2011,1/15/2016,1705,,retiring,Voluntarily Terminated,Production       ,Elijiah Gray,16,Professional Society,Fully Meets,5,4,0,,
"Hogland, Jonathan ",1001944783,1,18,Production Manager,MA,1890,7/1/1972,Over 40,M ,Married,US Citizen,No,White,1/10/2011,12/12/2015,1797,,attendance,Terminated for Cause,Production       ,Janet King,2,Employee Referral,Fully Meets,4.78,4,0,,
"Robinson, Alain  ",1206038000,1,19,Production Technician I,MA,1420,1/7/1974,Over 40,M ,Married,US Citizen,No,Black or African American,1/10/2011,1/26/2016,1842,,attendance,Voluntarily Terminated,Production       ,Amy Dunn,11,Glassdoor,Fully Meets,5,3,0,,
"Jung, Judy  ",1107027450,1,19,Production Technician I,MA,2446,4/17/1986,Under 40,F,Married,US Citizen,No,White,1/10/2011,4/1/2016,1908,,unhappy,Voluntarily Terminated,Production       ,Elijiah Gray,16,Monster.com,Fully Meets,4,4,0,,
"Robinson, Cherly",1403065625,1,19,Production Technician I,MA,1460,1/7/1985,Under 40,F,Married,US Citizen,No,White,1/10/2011,5/17/2016,1954,,attendance,Terminated for Cause,Production       ,Ketsia Liebig,19,Glassdoor,Needs Improvement,3.6,3,0,,
"Sloan, Constance",1012023103,1,20,Production Technician II,MA,1851,11/25/1987,Under 40,F,Single,US Citizen,No,White,10/26/2009,4/8/2015,1990,,maternity leave - did not return,Voluntarily Terminated,Production       ,Michael Albert,22,Monster.com,Fully Meets,4.68,4,0,,
"Peterson, Ebonee  ",1402065355,1,18,Production Manager,MA,2030,5/9/1977,Under 40,F,Married,US Citizen,No,White,10/25/2010,5/18/2016,2032,,Another position,Voluntarily Terminated,Production       ,Janet King,2,Internet Search,Fully Meets,4.16,5,0,,
"Ybarra, Catherine ",1001268402,1,19,Production Technician I,MA,2458,5/4/1982,Under 40,F,Single,US Citizen,No,Asian,9/2/2008,9/29/2015,2583,,Another position,Voluntarily Terminated,Production       ,Brannon Miller,12,Search Engine - Google Bing Yahoo,PIP,4.29,2,0,,
